tic_id,obj_name,period_days,t0_bjd,depth_ppm,sde,status
144436080,,13.58667007,2075.313828,1093.44639,43.8711239,Unvetted Candidate
66625472,,13.26817774,2156.667759,1385.059061,27.83480748,Unvetted Candidate
435198243,,2.830103967,2826.421767,763.5931406,13.65479842,Unvetted Candidate
128791197,,10.63881553,1657.051239,1317.224584,53.00736539,Unvetted Candidate
349549403,,9.21367819,2560.264645,2073.701445,14.51172587,Unvetted Candidate
408551862,,2.639612413,1573.936126,989.1666826,12.26772562,Unvetted Candidate
411472806,,1.414912727,3560.388518,748.7829375,14.10996474,Unvetted Candidate
468217580,,1.882593121,1655.694115,914.2062609,15.46396068,Unvetted Candidate
84690999,,11.65792452,2475.575785,1941.36405,14.38969583,Unvetted Candidate
23911345,,1.309095128,3506.840003,900.7429023,13.96259379,Binary
156618308,,1.314921477,2553.563632,560.6030946,14.7337123,Unvetted Candidate
265468126,,4.594915424,2040.400715,982.9210401,14.89077507,Unvetted Candidate
373634783,,1.943948281,1871.164397,966.0687746,11.52099808,Unvetted Candidate
230292315,,6.710682728,1685.152788,1420.420647,16.68943494,Unvetted Candidate
24361249,,3.68821898,1439.291855,877.2252144,17.41210135,Unvetted Candidate
383667729,,0.864462048,1627.776819,492.9134342,16.79766863,Unvetted Candidate
79008824,,11.29705337,1604.4023,2288.622577,12.77279559,Unvetted Candidate
437338174,,12.08575901,2308.30771,1084.278788,67.30594129,Unvetted Candidate
135435987,,8.198840715,1578.751727,1958.004635,15.13665623,Unvetted Candidate
159778915,,0.733413609,1325.937175,553.7232905,15.52207915,Unvetted Candidate
101258556,,11.49082539,1791.017037,1212.191548,41.44540115,Unvetted Candidate
293630550,,1.852918162,1870.471803,625.6448163,8.432075302,Unvetted Candidate
88408067,,3.723695158,2147.087059,1046.474871,13.89995904,Unvetted Candidate
46531864,,5.369552576,1473.185476,995.0480298,14.99459532,Unvetted Candidate
242450472,,0.574881944,2825.412599,469.9176383,13.62659165,Unvetted Candidate
47492075,,3.738635278,2177.866904,439.474706,18.44244442,Unvetted Candidate
776848,,0.813996366,1438.617344,591.4762586,18.02202388,Unvetted Candidate
237917696,,18.07258472,2036.804289,681.0486287,19.18337653,Unvetted Candidate
423397215,,12.68327034,1410.918065,2266.518509,43.77875654,Unvetted Candidate
220497676,,3.80833599,1328.863717,996.1753166,13.3848496,Unvetted Candidate
251077507,,1.864548775,2144.939348,932.4082154,13.86879169,Unvetted Candidate
192791279,,5.753494486,1442.786698,895.7502279,15.82413423,Unvetted Candidate
314888045,,1.192642296,1629.22968,742.0932519,14.08698367,Unvetted Candidate
280779770,,9.853515013,2973.773169,1854.622855,16.15593397,Unvetted Candidate
71763040,,13.42089258,3775.408021,1118.768576,23.05959553,Unvetted Candidate
349715073,,8.057439569,2698.438756,687.6836418,16.38252904,Unvetted Candidate
92242479,,0.541800373,2308.842378,308.3916098,13.52957347,Unvetted Candidate
88973765,,0.627816544,1491.735808,289.7038507,14.97984389,Unvetted Candidate
185194459,,14.12102669,1547.301163,801.1718231,16.07305106,Unvetted Candidate
33576419,,0.534443356,1386.248517,149.1776032,12.76489768,Unvetted Candidate
439874117,,3.660037519,2147.198125,753.7720289,16.50978635,Unvetted Candidate
200644937,,0.784055622,1325.757899,318.8220832,14.74451668,Unvetted Candidate
394231773,,12.8600246,2039.467275,1028.517028,19.33757041,Unvetted Candidate
262432208,,0.666361419,2797.379934,296.4646755,27.93553525,Unvetted Candidate
398383318,,3.380257469,1630.228566,613.1208895,16.13564525,Unvetted Candidate
301423791,,1.311233922,2144.768816,519.5730497,15.85908147,Unvetted Candidate
139729020,,3.525231046,2039.338159,602.9098623,17.96681512,Unvetted Candidate
439845247,,2.090781613,2448.507796,696.8256678,15.75561272,Unvetted Candidate
224283725,,6.077482038,2090.277672,1145.941203,12.40261614,Unvetted Candidate
35121384,,3.630175165,1413.849677,830.9215943,13.99703093,Unvetted Candidate
72665413,,13.39827786,2671.898119,2044.128801,19.39192331,Unvetted Candidate
350114862,,0.53878997,2527.228603,222.4271814,14.34454324,Unvetted Candidate
138184278,,14.17462536,1940.609362,827.2150136,15.7490513,Unvetted Candidate
289336448,,1.276863831,1711.493556,292.8750789,18.24097172,Unvetted Candidate
204721829,,8.389013673,1578.829576,1276.209986,86.24145809,Unvetted Candidate
422890004,,3.104176345,1413.238161,468.0247743,16.15073402,Unvetted Candidate
39927704,,2.712629045,2450.180807,1728.60878,16.22876006,Unvetted Candidate
234299628,,3.151504552,1327.367002,585.8918765,17.13659646,Unvetted Candidate
274012205,,1.885437688,1325.812192,302.6200006,18.01177151,Unvetted Candidate
16879111,,1.144926616,2693.549779,737.9876234,16.34505713,Unvetted Candidate
183799582,,13.33873175,1335.94096,631.4015116,24.99812164,Unvetted Candidate
238750043,,0.945836444,1790.91872,689.2846162,11.42637588,Unvetted Candidate
288470970,,19.64395341,1696.716357,931.5440601,29.56531551,Unvetted Candidate
201802361,,2.394785387,1354.585573,216.4710792,18.44513582,Unvetted Candidate
118159186,,0.637827906,1518.446809,316.5956594,104.8188543,Unvetted Candidate
167487503,,0.643443145,1438.297336,165.1168749,19.78231108,Unvetted Candidate
103689391,,0.823778173,1684.109305,115.3550333,15.19005487,Unvetted Candidate
421736369,,0.919056857,2666.025506,389.2192114,12.81739215,Unvetted Candidate
280052618,,2.514354772,1326.803367,493.2081506,19.53396833,Unvetted Candidate
143143975,,0.821603706,2174.843614,292.0487458,36.16520395,Unvetted Candidate
439412823,,13.8379699,1394.553328,1775.113343,38.77779666,Unvetted Candidate
37605833,,0.840539774,1468.513554,237.5084831,16.92090665,Unvetted Candidate
209429745,,14.63698397,1424.663712,2268.547858,138.3895682,Unvetted Candidate
269916987,,14.11944577,1639.777711,6156.394641,178.0396869,Unvetted Candidate
367192437,,19.44607819,2511.680319,1006.586037,102.4643639,Unvetted Candidate
266903530,,1.959275437,1327.117338,558.299224,17.87239869,Unvetted Candidate
8997988,,0.948439174,1354.200761,168.9171904,25.85548219,Unvetted Candidate
370083358,,4.835938125,2039.707364,1607.525924,14.37410093,Unvetted Candidate
61259135,,18.05715209,2476.819863,743.8684108,91.88184776,Unvetted Candidate
344927756,,2.736847366,1518.869235,752.5485806,17.3275991,Unvetted Candidate
27068113,,18.83018193,1872.260875,1063.175818,20.67533462,Unvetted Candidate
103580569,,12.48074476,1691.149588,1374.526908,340.2239956,Unvetted Candidate
198585669,,1.930141259,1957.215166,307.9545257,18.15154882,Unvetted Candidate
318495709,,0.587455415,2698.829417,310.0329046,12.09044832,Unvetted Candidate
301677323,,1.357897932,2553.45275,589.6447021,14.49169056,Unvetted Candidate
268634816,,5.024570999,2118.668786,1331.126135,13.77192485,Unvetted Candidate
114810394,,4.486976642,1354.791273,989.3480387,17.6218644,Unvetted Candidate
160004314,,13.09604549,1410.917955,2085.510748,17.60147583,Unvetted Candidate
219234065,,4.136217193,1389.18957,367.6161936,17.18062022,Unvetted Candidate
9857693,,8.562122686,1419.463652,963.513638,22.20685702,Unvetted Candidate
44889718,,15.88166229,1422.639167,645.03801,18.3517913,Unvetted Candidate
60660286,,14.32487693,2801.050415,2563.281796,14.93274086,Unvetted Candidate
35400809,,13.59772187,2797.190349,803.6601916,54.036445,Unvetted Candidate
13919679,,1.731676399,1764.860775,1053.662862,14.26256762,Unvetted Candidate
89257479,,14.14369351,1335.241985,1077.483824,56.28992192,Unvetted Candidate
224297979,,16.3498819,1725.728478,889.0693074,12.97996827,Unvetted Candidate
194730575,,14.11025058,1790.671817,2147.655987,19.52668348,Unvetted Candidate
21042633,,0.94014589,1816.489571,436.7939967,12.12999701,Unvetted Candidate
244135966,,3.071339332,2448.310826,745.7684053,17.34773051,Unvetted Candidate
47875078,,1.145407718,1683.439371,275.014239,17.05178903,Unvetted Candidate
116305096,,5.634904317,1930.011049,1123.406344,15.34530443,Unvetted Candidate
284596345,,0.704841515,1683.904462,161.9103963,17.86571944,Unvetted Candidate
277226226,,9.841194327,2563.222438,977.8395551,12.43249512,Unvetted Candidate
266723295,,15.08316101,1391.129694,1338.534873,61.98434789,Unvetted Candidate
158644485,,16.03502151,1552.371628,950.0799065,70.15110582,Unvetted Candidate
193324137,,12.28453298,1544.392839,1618.002917,28.03483071,Unvetted Candidate
384603440,,13.67797043,1627.435908,2231.311048,94.64591913,Unvetted Candidate
253048570,,2.059828378,1900.52229,331.1278551,15.50785164,Unvetted Candidate
87601908,,5.849354912,1934.739549,1422.587436,16.08727907,Unvetted Candidate
148917709,,5.604419846,1684.352302,276.7295074,18.84447797,Unvetted Candidate
350337861,,16.60639931,2533.355984,1774.828104,15.53241862,Unvetted Candidate
56358141,,0.577517057,2500.581219,241.7892518,22.50004341,Unvetted Candidate
26304665,,1.159856222,2989.659735,475.3091765,14.41617766,Unvetted Candidate
145015021,,4.729546383,1571.971251,894.1804993,21.63010476,Unvetted Candidate
322396569,,13.22639995,1751.378027,1207.393945,70.31858128,Unvetted Candidate
326092796,,1.058009472,1386.180479,576.9693645,17.63115802,Unvetted Candidate
403265752,,0.941733739,1325.418785,408.7907207,17.89754951,Unvetted Candidate
347389426,,19.42662705,1946.506083,1607.77678,27.86215839,Unvetted Candidate
201532549,,5.314641798,1657.673772,1577.304886,14.50067696,Unvetted Candidate
356869021,,13.11556752,1683.958749,303.8269389,20.01250355,Unvetted Candidate
141178518,,19.46696427,2625.267493,1491.999128,14.93899254,Unvetted Candidate
169056167,,5.007556375,1496.456725,502.6411452,22.28546854,Unvetted Candidate
152288814,,4.410571453,1390.268805,349.7458367,24.91934688,Unvetted Candidate
134979784,,12.39707441,2556.599791,900.1111611,15.2776084,Unvetted Candidate
357626805,,12.65519882,1997.334183,915.82612,58.05393948,Unvetted Candidate
20499329,,0.914591117,1544.430874,181.4803237,129.0887593,Unvetted Candidate
156067195,,1.775002079,1931.088972,3220.154985,721.0426087,Unvetted Candidate
404504030,,2.190775101,1931.902877,569.8638956,19.49641766,Unvetted Candidate
161058589,,9.227608224,1743.393114,1284.741581,15.09549084,Unvetted Candidate
72938014,,14.45536216,1610.274885,828.2846846,46.55223945,Unvetted Candidate
189792420,,0.957910367,2693.632092,1294.161195,22.70809666,Unvetted Candidate
395317117,,8.827444194,3562.073532,1825.032134,11.32890083,Unvetted Candidate
229052103,,19.54173439,1341.249878,698.9545929,22.21225177,Unvetted Candidate
239067045,,10.16377835,3285.824389,1575.642257,90.34106398,Unvetted Candidate
79531088,,1.141843898,1385.976563,208.0556558,19.45570461,Unvetted Candidate
150651495,,2.920950521,3560.334069,470.9287194,14.92881913,Unvetted Candidate
279015236,,1.129612938,2825.339764,112.2226795,44.38743733,Unvetted Candidate
70224031,,7.366052085,3781.453421,1434.728077,22.68014665,Unvetted Candidate
466971435,,0.612058544,2797.576158,199.3624918,15.93354499,Unvetted Candidate
392795116,,3.096359266,2528.132077,450.6664151,13.26339102,Unvetted Candidate
289374000,,4.10553123,1686.290619,1125.05007,16.63961613,Unvetted Candidate
77994130,,3.070164584,1439.049946,660.8420046,18.33997583,Unvetted Candidate
157265030,,2.896156558,1711.686994,270.0613075,17.43514236,Unvetted Candidate
119816070,,10.60113186,2703.067956,913.3257152,13.8817663,Unvetted Candidate
367523755,,16.27510946,2485.819147,456.8688482,19.87627266,Unvetted Candidate
8152978,,11.00914214,1875.534247,972.3381822,17.89913234,Unvetted Candidate
458547790,,0.585929047,2718.870997,664.3156965,196.7548014,Unvetted Candidate
20658832,,12.6417201,1844.059985,881.3228524,26.99572897,Unvetted Candidate
232533692,,0.926232254,1930.750476,572.2384529,13.03759892,Unvetted Candidate
150269579,,1.515816065,1871.838856,444.7389803,16.55150036,Unvetted Candidate
308094120,,2.443671609,2011.407236,765.7027874,11.62324234,Unvetted Candidate
411248800,,0.599689122,1930.365969,1947.040703,5257.171683,Unvetted Candidate
72508653,,11.4081141,1936.333845,771.3568124,16.51432236,Unvetted Candidate
282782590,,3.817366196,1930.345626,1193.639162,15.96556917,Unvetted Candidate
328961501,,4.589272773,1903.254903,448.280686,18.35478062,Unvetted Candidate
82263218,,14.25150487,1903.687008,546.708221,16.9305215,Unvetted Candidate
262532454,,2.476665205,2231.383973,824.1731666,17.96597315,Unvetted Candidate
383467590,,7.439306752,1933.405406,748.4918706,32.78645885,Unvetted Candidate
429051921,,2.539614584,2447.943189,246.0340183,14.18794488,Unvetted Candidate
20215352,,2.783352774,2667.37286,949.4665065,15.1137307,Unvetted Candidate
264298985,,19.45505812,1697.436765,503.2711472,102.7849114,Unvetted Candidate
232602607,,6.635943334,1689.307946,113.7777314,22.79907258,Unvetted Candidate
220421994,,1.3631534,1326.337672,153.5046755,17.90959033,Unvetted Candidate
21648568,,13.40232181,1450.597287,3546.851609,160.48799,Unvetted Candidate
86077687,,1.195039876,1816.60647,519.9835263,14.09907257,Unvetted Candidate
235930066,,18.56296836,1686.891316,413.1930629,283.5433653,Unvetted Candidate
272759445,,16.28698861,2423.67177,753.8560682,47.8909884,Unvetted Candidate
231289966,,16.66876345,1366.690231,623.2328286,83.32612052,Unvetted Candidate
167524561,,0.821748653,1411.319303,12435.95609,251675.5006,Unvetted Candidate
361557261,,11.56834737,3511.398127,19123.74808,411.3655869,Unvetted Candidate
219147916,,2.512206936,1440.613595,359.6324804,18.33488562,Unvetted Candidate
31313288,,0.669804993,3666.447812,216.9096313,19.28719488,Unvetted Candidate
143092333,,0.65604286,1438.209185,199.1161064,115.4890061,Unvetted Candidate
314864860,,18.14928044,1325.954162,598.6807795,20.54809212,Unvetted Candidate
269764159,,0.520122462,2990.161197,147.493383,94.7162297,Unvetted Candidate
280832953,,0.831918235,1325.974128,121.1186213,104.1464361,Unvetted Candidate
100617302,,0.659658591,3127.016863,203.4935689,117.2215124,Unvetted Candidate
5774131,,16.42784179,3185.187232,2242.070518,80.35399868,Unvetted Candidate
265337716,,6.18881602,1657.353283,2666.49935,56.03696794,Unvetted Candidate
238004786,,0.619215155,1354.410918,226.8306158,236.1654529,Unvetted Candidate
341267146,,0.501981251,1544.742326,195.9553317,105.8974827,Unvetted Candidate
186185992,,13.3877541,1683.809417,2374.117212,748.966868,Unvetted Candidate
